{"base_lr": 0.00014940504735643203, "lr": 0.00014940504735643203, "data_time": 0.004801058769226074, "loss": 6.907013082504273, "time": 0.12012736797332764, "epoch": 1, "iter": 100, "memory": 1594, "step": 100}
{"base_lr": 0.00019930913559525223, "lr": 0.00019930913559525223, "data_time": 0.005001091957092285, "loss": 6.914385032653809, "time": 0.11932721138000488, "epoch": 1, "iter": 200, "memory": 1594, "step": 200}
{"base_lr": 0.00024921322383407267, "lr": 0.00024921322383407267, "data_time": 0.00490117073059082, "loss": 6.912513494491577, "time": 0.1197272777557373, "epoch": 1, "iter": 300, "memory": 1594, "step": 300}
{"base_lr": 0.0002991173120728936, "lr": 0.0002991173120728936, "data_time": 0.00490109920501709, "loss": 6.905604553222656, "time": 0.1221278190612793, "epoch": 1, "iter": 400, "memory": 1594, "step": 400}
{"base_lr": 0.0003490214003117142, "lr": 0.0003490214003117142, "data_time": 0.0050172567367553714, "loss": 6.910158967971801, "time": 0.12291743755340576, "epoch": 1, "iter": 500, "memory": 1594, "step": 500}
{"base_lr": 0.00039892548855053505, "lr": 0.00039892548855053505, "data_time": 0.005601310729980468, "loss": 6.9083414554595945, "time": 0.13042981624603273, "epoch": 1, "iter": 600, "memory": 1594, "step": 600}
