{"base_lr": 0.00014940504735643203, "lr": 0.00014940504735643203, "data_time": 0.003900885581970215, "loss": 6.903144264221192, "time": 0.1439303159713745, "epoch": 1, "iter": 100, "memory": 1870, "step": 100}
