{"base_lr": 0.00014940504735643203, "lr": 0.00014940504735643203, "data_time": 0.0050011157989501955, "loss": 6.907365798950195, "time": 0.1418323516845703, "epoch": 1, "iter": 100, "memory": 1821, "step": 100}
